date,stage,team_a,team_b,actual_score,pred_score,xg_a,xg_b,p_a,p_draw,p_b,pred_90,actual_90,hit_90,exact_hit,rps,brier,logloss,abs_err_a,abs_err_b,p_advance_a,pred_winner,actual_winner,advance_hit,advance_brier,advance_logloss
2026-06-11,group,Mexico,South Africa,2-0,2-0,1.9232,0.5393,0.6943,0.2223,0.0833,H,H,1,1.0,0.0502,0.1498,0.3648,0.0768,0.5393,,,,,,
2026-06-11,group,South Korea,Czech Republic,2-1,1-1,1.3402,1.0623,0.4139,0.3066,0.2795,H,H,1,0.0,0.2109,0.5157,0.8822,0.6598,0.0623,,,,,,
2026-06-12,group,Canada,Bosnia and Herzegovina,1-1,2-0,1.9776,0.5992,0.6892,0.22,0.0908,H,D,0,0.0,0.2416,1.0917,1.5142,0.9776,0.4008,,,,,,
2026-06-12,group,United States,Paraguay,4-1,1-1,1.0825,1.3346,0.2861,0.3062,0.4077,A,H,0,0.0,0.3379,0.7697,1.2515,2.9175,0.3346,,,,,,
2026-06-13,group,Qatar,Switzerland,1-1,0-3,0.5213,3.2272,0.0272,0.0937,0.8792,A,D,0,0.0,0.3868,1.5951,2.3681,0.4787,2.2272,,,,,,
2026-06-13,group,Brazil,Morocco,1-1,0-0,0.8919,0.9573,0.3032,0.3582,0.3386,D,D,1,0.0,0.1033,0.6185,1.0267,0.1081,0.0427,,,,,,
2026-06-13,group,Haiti,Scotland,0-1,1-1,0.9392,1.7999,0.1798,0.2581,0.5621,A,A,1,0.0,0.112,0.2907,0.576,0.9392,0.7999,,,,,,
2026-06-13,group,Australia,Turkey,2-0,1-1,1.0271,1.2528,0.2856,0.3171,0.3973,A,H,0,0.0,0.3341,0.7687,1.253,0.9729,1.2528,,,,,,
2026-06-14,group,Germany,Curaçao,7-1,2-0,2.8804,0.659,0.8183,0.1309,0.0508,H,H,1,0.0,0.0178,0.0527,0.2005,4.1196,0.341,,,,,,
2026-06-14,group,Ivory Coast,Ecuador,1-0,0-0,0.5435,0.9862,0.1828,0.3794,0.4378,A,H,0,0.0,0.4297,1.0034,1.6992,0.4565,0.9862,,,,,,
2026-06-14,group,Netherlands,Japan,2-2,1-1,1.0259,1.3407,0.2695,0.3081,0.4224,A,D,0,0.0,0.1255,0.7298,1.1773,0.9741,0.6593,,,,,,
2026-06-14,group,Sweden,Tunisia,5-1,1-1,1.1759,1.0147,0.3779,0.3255,0.2966,H,H,1,0.0,0.2375,0.581,0.9732,3.8241,0.0147,,,,,,
2026-06-15,group,Belgium,Egypt,1-1,0-0,1.1935,0.7858,0.4388,0.3352,0.226,H,D,0,0.0,0.1218,0.6856,1.0931,0.1935,0.2142,,,,,,
2026-06-15,group,Iran,New Zealand,2-2,1-1,1.3668,0.8351,0.4767,0.3106,0.2127,H,D,0,0.0,0.1363,0.7478,1.1693,0.6332,1.1649,,,,,,
2026-06-15,group,Spain,Cape Verde,0-0,2-0,2.9576,0.3794,0.8799,0.0985,0.0216,H,D,0,0.0,0.3874,1.5874,2.3176,2.9576,0.3794,,,,,,
2026-06-15,group,Saudi Arabia,Uruguay,1-1,0-1,0.4697,1.3558,0.1147,0.308,0.5774,A,D,0,0.0,0.1733,0.8254,1.1778,0.5303,0.3558,,,,,,
2026-06-16,group,France,Senegal,3-1,1-1,1.3274,0.8061,0.4731,0.3163,0.2107,H,H,1,0.0,0.161,0.4221,0.7485,1.6726,0.1939,,,,,,
2026-06-16,group,Norway,Iraq,4-1,2-0,1.9072,0.5358,0.692,0.2242,0.0838,H,H,1,0.0,0.0509,0.1522,0.3682,2.0928,0.4642,,,,,,
2026-06-16,group,Argentina,Algeria,3-0,1-0,1.5106,0.5837,0.5854,0.2864,0.1282,H,H,1,0.0,0.0942,0.2704,0.5355,1.4894,0.5837,,,,,,
2026-06-16,group,Austria,Jordan,3-1,1-1,1.5809,0.8906,0.5203,0.2833,0.1964,H,H,1,0.0,0.1344,0.349,0.6534,1.4191,0.1094,,,,,,
2026-06-17,group,Portugal,DR Congo,1-1,1-0,1.2814,0.6122,0.5129,0.3246,0.1625,H,D,0,0.0,0.1447,0.7456,1.1252,0.2814,0.3878,,,,,,
2026-06-17,group,Uzbekistan,Colombia,1-3,0-1,0.6229,1.4877,0.1405,0.2915,0.568,A,A,1,0.0,0.1032,0.2913,0.5656,0.3771,1.5123,,,,,,
2026-06-17,group,England,Croatia,4-2,1-0,1.3358,0.6929,0.506,0.3161,0.1779,H,H,1,0.0,0.1378,0.3756,0.6812,2.6642,1.3071,,,,,,
2026-06-17,group,Ghana,Panama,1-0,1-1,0.879,1.4061,0.2187,0.3049,0.4765,A,H,0,0.0,0.4188,0.9305,1.5203,0.121,1.4061,,,,,,
2026-06-18,group,Mexico,South Korea,1-0,1-1,1.5192,0.8661,0.5104,0.2909,0.1987,H,H,1,0.0,0.1396,0.3638,0.6725,0.5192,0.8661,,,,,,
2026-06-18,group,Czech Republic,South Africa,1-1,1-1,1.3448,0.8345,0.4707,0.3135,0.2159,H,D,0,1.0,0.1341,0.7395,1.1601,0.3448,0.1655,,,,,,
2026-06-18,group,Switzerland,Bosnia and Herzegovina,4-1,2-0,1.9715,0.6357,0.6782,0.2235,0.0983,H,H,1,0.0,0.0566,0.1631,0.3883,2.0285,0.3643,,,,,,
2026-06-18,group,Canada,Qatar,6-0,3-0,3.2372,0.4913,0.885,0.0904,0.0246,H,H,1,0.0,0.0069,0.022,0.1222,2.7628,0.4913,,,,,,
2026-06-19,group,Scotland,Morocco,0-1,0-1,0.6065,1.3217,0.1558,0.3178,0.5264,A,A,1,1.0,0.1243,0.3496,0.6417,0.6065,0.3217,,,,,,
2026-06-19,group,Brazil,Haiti,3-0,2-0,2.6469,0.6803,0.7834,0.153,0.0637,H,H,1,0.0,0.0255,0.0744,0.2442,0.3531,0.6803,,,,,,
2026-06-19,group,United States,Australia,2-0,1-1,1.1579,1.3652,0.301,0.2998,0.3992,A,H,0,0.0,0.324,0.7379,1.2007,0.8421,1.3652,,,,,,
2026-06-19,group,Turkey,Paraguay,0-1,1-1,1.1712,1.0041,0.3789,0.3267,0.2944,H,A,0,0.0,0.3207,0.7481,1.2227,1.1712,0.0041,,,,,,
2026-06-20,group,Germany,Ivory Coast,2-1,1-1,1.4558,0.9235,0.4789,0.2982,0.2229,H,H,1,0.0,0.1606,0.4102,0.7363,0.5442,0.0765,,,,,,
2026-06-20,group,Ecuador,Curaçao,0-0,2-0,1.9512,0.3879,0.7421,0.2034,0.0545,H,D,0,0.0,0.2769,1.1883,1.5927,1.9512,0.3879,,,,,,
2026-06-20,group,Netherlands,Sweden,5-1,1-1,2.0697,0.9676,0.6154,0.2292,0.1553,H,H,1,0.0,0.086,0.2246,0.4854,2.9303,0.0324,,,,,,
2026-06-20,group,Japan,Tunisia,4-0,1-0,1.6294,0.5029,0.6392,0.2628,0.098,H,H,1,0.0,0.0699,0.2089,0.4476,2.3706,0.5029,,,,,,
2026-06-21,group,Belgium,Iran,0-0,1-1,1.3177,1.0007,0.4219,0.3116,0.2665,H,D,0,0.0,0.1245,0.723,1.1661,1.3177,1.0007,,,,,,
2026-06-21,group,Egypt,New Zealand,3-1,0-0,1.0733,0.7564,0.4088,0.3535,0.2376,H,H,1,0.0,0.203,0.531,0.8945,1.9267,0.2436,,,,,,
2026-06-21,group,Spain,Saudi Arabia,4-0,2-0,2.689,0.3761,0.8535,0.1195,0.0271,H,H,1,0.0,0.0111,0.0365,0.1584,1.311,0.3761,,,,,,
2026-06-21,group,Uruguay,Cape Verde,2-2,1-0,1.4913,0.4738,0.6131,0.2838,0.103,H,D,0,0.0,0.1933,0.8995,1.2594,0.5087,1.5262,,,,,,
2026-06-22,group,France,Iraq,3-0,1-0,1.7405,0.477,0.6728,0.2434,0.0839,H,H,1,0.0,0.0571,0.1733,0.3963,1.2595,0.477,,,,,,
2026-06-22,group,Norway,Senegal,3-2,1-1,1.4545,0.9054,0.4831,0.2986,0.2184,H,H,1,0.0,0.1575,0.404,0.7276,1.5455,1.0946,,,,,,
2026-06-22,group,Argentina,Austria,2-0,1-0,1.4528,0.5589,0.5772,0.2948,0.128,H,H,1,0.0,0.0976,0.282,0.5495,0.5472,0.5589,,,,,,
2026-06-22,group,Jordan,Algeria,1-2,1-1,0.926,1.651,0.1957,0.2751,0.5292,A,A,1,0.0,0.13,0.3357,0.6365,0.074,0.349,,,,,,
2026-06-23,group,Portugal,Uzbekistan,5-0,1-0,1.4287,0.6767,0.5367,0.3019,0.1614,H,H,1,0.0,0.1203,0.3318,0.6223,3.5713,0.6767,,,,,,
2026-06-23,group,Colombia,DR Congo,1-0,1-0,1.3344,0.5635,0.5427,0.3149,0.1424,H,H,1,1.0,0.1147,0.3286,0.6112,0.3344,0.5635,,,,,,
2026-06-23,group,England,Ghana,0-0,2-0,2.1276,0.3939,0.7719,0.1807,0.0474,H,D,0,0.0,0.299,1.2694,1.711,2.1276,0.3939,,,,,,
2026-06-23,group,Panama,Croatia,0-1,1-1,0.8828,1.5461,0.1993,0.2875,0.5132,A,A,1,0.0,0.1383,0.3593,0.6671,0.8828,0.5461,,,,,,
2026-06-24,group,Mexico,Czech Republic,3-0,1-1,1.813,0.8192,0.5955,0.2534,0.1512,H,H,1,0.0,0.0932,0.2507,0.5184,1.187,0.8192,,,,,,
2026-06-24,group,South Africa,South Korea,1-0,0-1,0.6993,1.4218,0.1683,0.3032,0.5285,A,H,0,0.0,0.4856,1.0631,1.7823,0.3007,1.4218,,,,,,
2026-06-24,group,Switzerland,Canada,2-1,1-1,1.1846,1.2608,0.3282,0.307,0.3648,A,H,0,0.0,0.2922,0.6787,1.1142,0.8154,0.2608,,,,,,
2026-06-24,group,Bosnia and Herzegovina,Qatar,3-1,1-1,1.6323,0.8176,0.5522,0.276,0.1717,H,H,1,0.0,0.115,0.3062,0.5938,1.3677,0.1824,,,,,,
2026-06-24,group,Morocco,Haiti,4-2,2-0,1.9889,0.4763,0.7247,0.2076,0.0677,H,H,1,0.0,0.0402,0.1235,0.322,2.0111,1.5237,,,,,,
2026-06-24,group,Brazil,Scotland,3-0,1-1,1.7589,0.8664,0.5707,0.2614,0.168,H,H,1,0.0,0.1063,0.2808,0.5609,1.2411,0.8664,,,,,,
2026-06-25,group,Curaçao,Ivory Coast,0-2,0-1,0.6033,1.6726,0.1169,0.2625,0.6206,A,A,1,0.0,0.0788,0.2266,0.4771,0.6033,0.3274,,,,,,
2026-06-25,group,Germany,Ecuador,1-2,1-1,0.9359,1.0772,0.2925,0.3412,0.3662,A,A,1,0.0,0.2436,0.6036,1.0044,0.0641,0.9228,,,,,,
2026-06-25,group,Japan,Sweden,1-1,2-0,2.106,0.7534,0.6751,0.215,0.1099,H,D,0,0.0,0.2339,1.0842,1.5373,1.106,0.2466,,,,,,
2026-06-25,group,Tunisia,Netherlands,1-3,0-1,0.646,1.6013,0.1339,0.2752,0.5909,A,A,1,0.0,0.0926,0.261,0.526,0.354,1.3987,,,,,,
2026-06-25,group,Paraguay,Australia,0-0,0-0,0.8979,0.8587,0.3267,0.3683,0.305,D,D,1,1.0,0.0999,0.5988,0.9989,0.8979,0.8587,,,,,,
2026-06-25,group,United States,Turkey,2-3,1-1,1.2947,1.862,0.253,0.253,0.494,A,A,1,0.0,0.16,0.3841,0.7053,0.7053,1.138,,,,,,
2026-06-26,group,Norway,France,1-4,1-1,1.2123,1.2425,0.3394,0.3066,0.354,A,A,1,0.0,0.2663,0.6265,1.0385,0.2123,2.7575,,,,,,
2026-06-26,group,Iraq,Senegal,0-5,0-1,0.5724,1.2682,0.1528,0.3266,0.5206,A,A,1,0.0,0.1266,0.3598,0.6527,0.5724,3.7318,,,,,,
2026-06-26,group,Saudi Arabia,Cape Verde,0-0,0-0,0.9307,0.8535,0.3387,0.365,0.2964,D,D,1,1.0,0.1013,0.6058,1.008,0.9307,0.8535,,,,,,
2026-06-26,group,Uruguay,Spain,0-1,0-1,0.6027,1.4927,0.1349,0.29,0.5751,A,A,1,1.0,0.0993,0.2828,0.5531,0.6027,0.4927,,,,,,
2026-06-26,group,Iran,Egypt,1-1,0-0,0.9495,0.8232,0.352,0.3655,0.2825,D,D,1,0.0,0.1019,0.6063,1.0065,0.0505,0.1768,,,,,,
2026-06-26,group,Belgium,New Zealand,5-1,1-1,1.7181,0.7972,0.5787,0.2646,0.1567,H,H,1,0.0,0.101,0.272,0.5469,3.2819,0.2028,,,,,,
2026-06-27,group,Croatia,Ghana,2-1,1-0,1.7057,0.6089,0.6269,0.258,0.1151,H,H,1,0.0,0.0762,0.219,0.467,0.2943,0.3911,,,,,,
2026-06-27,group,England,Panama,2-0,2-0,1.9285,0.5712,0.6867,0.2243,0.0891,H,H,1,1.0,0.053,0.1564,0.3759,0.0715,0.5712,,,,,,
2026-06-27,group,Colombia,Portugal,0-0,1-1,1.2504,1.1053,0.379,0.3128,0.3081,H,D,0,0.0,0.1193,0.7108,1.1621,1.2504,1.1053,,,,,,
2026-06-27,group,DR Congo,Uzbekistan,3-1,0-0,0.7284,0.7222,0.2983,0.407,0.2946,D,H,0,0.0,0.2896,0.7448,1.2095,2.2716,0.2778,,,,,,
2026-06-27,group,Austria,Algeria,3-3,1-1,1.0958,1.1006,0.3356,0.3265,0.338,A,D,0,0.0,0.1134,0.6805,1.1194,1.9042,1.8994,,,,,,
2026-06-27,group,Argentina,Jordan,3-1,2-0,2.1793,0.4724,0.76,0.183,0.057,H,H,1,0.0,0.0304,0.0943,0.2744,0.8207,0.5276,,,,,,
2026-06-28,ko,South Africa,Canada,0-1,0-1,0.5556,1.4876,0.1236,0.2889,0.5875,A,A,1,1.0,0.0927,0.2688,0.5318,0.5556,0.4876,0.224,Canada,Canada,1.0,0.0502,0.2536
2026-06-29,ko,Brazil,Japan,2-1,1-1,1.1295,1.1774,0.3294,0.3175,0.3531,A,H,0,0.0,0.2872,0.6751,1.1104,0.8705,0.1774,0.49,Japan,Brazil,0.0,0.2601,0.7133
2026-06-29,ko,Germany,Paraguay,1-1 aet (pens 3-4),1-1,1.287,1.0373,0.4047,0.3131,0.2822,H,D,0,,0.1217,0.7153,1.1613,0.716,0.383,0.5748,Germany,Paraguay,0.0,0.3304,0.8552
2026-06-29,ko,Netherlands,Morocco,1-1 aet (pens 2-3),0-0,0.8101,1.0901,0.2514,0.3481,0.4005,A,D,0,,0.1118,0.6486,1.0552,0.0801,0.4535,0.4142,Morocco,Morocco,1.0,0.1716,0.5348
2026-06-30,ko,Ivory Coast,Norway,1-2,0-1,0.7638,1.507,0.1741,0.2918,0.534,A,A,1,0.0,0.1237,0.3326,0.6273,0.2362,0.493,0.2869,Norway,Norway,1.0,0.0823,0.3381
2026-06-30,ko,France,Sweden,3-0,2-0,2.2072,0.7618,0.6925,0.204,0.1035,H,H,1,0.0,0.0526,0.1469,0.3674,0.7928,0.7618,0.8363,France,France,1.0,0.0268,0.1787
2026-06-30,ko,Mexico,Ecuador,2-0,0-0,0.6403,0.9116,0.2283,0.3869,0.3848,D,H,0,0.0,0.3718,0.8932,1.477,1.3597,0.9116,0.4045,Ecuador,Mexico,0.0,0.3546,0.905
2026-07-01,ko,England,DR Congo,2-1,1-0,1.2365,0.4566,0.5462,0.3304,0.1234,H,H,1,0.0,0.1106,0.3303,0.6047,0.7635,0.5434,0.7627,England,England,1.0,0.0563,0.2709
2026-07-01,ko,Belgium,Senegal,3-2 aet,1-1,1.1478,1.0599,0.3595,0.3251,0.3153,H,D,0,,0.1144,0.6842,1.1236,1.4695,0.5869,0.5275,Belgium,Belgium,1.0,0.2233,0.6396
2026-07-01,ko,United States,Bosnia and Herzegovina,2-0,1-1,1.525,0.8842,0.5073,0.2901,0.2026,H,H,1,0.0,0.1419,0.368,0.6787,0.475,0.8842,0.682,United States,United States,1.0,0.1011,0.3827
2026-07-02,ko,Spain,Austria,3-0,2-0,1.8599,0.6773,0.6434,0.2407,0.1159,H,H,1,0.0,0.0703,0.1986,0.441,1.1401,0.6773,0.808,Spain,Spain,1.0,0.0369,0.2132
2026-07-02,ko,Portugal,Croatia,2-1,1-1,1.3843,0.929,0.4579,0.3065,0.2356,H,H,1,0.0,0.1747,0.4434,0.7812,0.6157,0.071,0.6315,Portugal,Portugal,1.0,0.1358,0.4596
2026-07-02,ko,Switzerland,Algeria,2-0,1-1,1.3235,1.0868,0.4036,0.3071,0.2893,H,H,1,0.0,0.2197,0.5337,0.9073,0.6765,1.0868,0.5697,Switzerland,Switzerland,1.0,0.1852,0.5627
2026-07-03,ko,Australia,Egypt,1-1 aet (pens 2-4),0-0,0.9749,0.7025,0.3903,0.3718,0.2379,H,D,0,,0.1045,0.6036,0.9895,0.2998,0.0633,0.5954,Australia,Egypt,0.0,0.3545,0.9048
2026-07-03,ko,Argentina,Cape Verde,3-2 aet,2-0,2.3102,0.3131,0.8209,0.149,0.0301,H,D,0,,0.3374,1.3989,1.9038,0.0803,1.5825,0.9392,Argentina,Argentina,1.0,0.0037,0.0628
2026-07-03,ko,Colombia,Ghana,1-0,2-0,2.2959,0.4862,0.7756,0.1708,0.0535,H,H,1,0.0,0.0266,0.0824,0.2541,1.2959,0.4862,0.905,Colombia,Colombia,1.0,0.009,0.0998
2026-07-04,ko,Canada,Morocco,0-3,0-0,0.6158,1.0161,0.2022,0.3703,0.4276,A,A,1,0.0,0.1843,0.5056,0.8496,0.6158,1.9839,0.3619,Morocco,Morocco,1.0,0.131,0.4492
2026-07-04,ko,Paraguay,France,0-1,0-0,0.7639,1.2158,0.216,0.3328,0.4513,A,A,1,0.0,0.1739,0.4585,0.7957,0.7639,0.2158,0.3523,France,France,1.0,0.1241,0.4343
2026-07-05,ko,Brazil,Norway,1-2,1-1,1.2829,1.3521,0.3369,0.294,0.3691,A,A,1,0.0,0.2557,0.5979,0.9966,0.2829,0.6479,0.4856,Norway,Norway,1.0,0.2358,0.6648
2026-07-05,ko,Mexico,England,2-3,0-0,0.6673,1.1922,0.191,0.3388,0.4702,A,A,1,0.0,0.1586,0.4319,0.7546,1.3327,1.8078,0.3315,England,England,1.0,0.1099,0.4027
2026-07-06,ko,Portugal,Spain,0-1,1-1,0.879,1.6329,0.1866,0.2769,0.5365,A,A,1,0.0,0.1248,0.3263,0.6227,0.879,0.6329,0.2935,Spain,Spain,1.0,0.0861,0.3474
2026-07-06,ko,United States,Belgium,1-4,1-1,1.0176,1.6714,0.2152,0.273,0.5118,A,A,1,0.0,0.1423,0.3592,0.6699,0.0176,2.3286,0.326,Belgium,Belgium,1.0,0.1063,0.3946
2026-07-07,ko,Argentina,Egypt,3-2,1-0,1.4248,0.4032,0.6175,0.2912,0.0913,H,H,1,0.0,0.0773,0.2395,0.4821,1.5752,1.5968,0.819,Argentina,Argentina,1.0,0.0328,0.1997
2026-07-07,ko,Switzerland,Colombia,0-0 aet (pens 4-3),1-1,1.0286,1.4065,0.2589,0.3012,0.4399,A,D,0,,0.1303,0.7489,1.2001,1.3715,1.8753,0.3913,Colombia,Switzerland,0.0,0.3705,0.9382
2026-07-09,ko,France,Morocco,2-0,0-0,0.8639,0.8583,0.3154,0.3723,0.3123,D,H,0,0.0,0.2831,0.7048,1.1539,1.1361,0.8583,0.5109,France,France,1.0,0.2393,0.6717
2026-07-10,ko,Spain,Belgium,2-1,2-0,1.9224,0.7821,0.6297,0.2384,0.1319,H,H,1,0.0,0.0773,0.2114,0.4626,0.0776,0.2179,0.7885,Spain,Spain,1.0,0.0447,0.2376
2026-07-11,ko,Norway,England,1-2 aet,1-1,1.0098,1.1653,0.2973,0.3269,0.3759,A,D,0,,0.1148,0.6827,1.1181,0.3464,0.4462,0.4485,England,England,1.0,0.2012,0.5951
2026-07-11,ko,Argentina,Switzerland,3-1 aet,1-0,1.4346,0.6751,0.5388,0.301,0.1602,H,D,0,,0.158,0.8046,1.2008,1.0872,0.0999,0.7285,Argentina,Argentina,1.0,0.0737,0.3168
2026-07-14,ko,France,Spain,0-2,1-1,0.9044,1.4621,0.217,0.2977,0.4854,A,A,1,0.0,0.156,0.4005,0.7228,0.9044,0.5379,0.3417,Spain,Spain,1.0,0.1168,0.4181
2026-07-15,ko,England,Argentina,1-2,0-0,0.7,0.9513,0.2414,0.3756,0.383,A,A,1,0.0,0.2195,0.5801,0.9598,0.3,1.0487,0.41,Argentina,Argentina,1.0,0.1681,0.5276
2026-07-18,ko,France,England,4-6,0-0,0.9215,1.0375,0.296,0.3467,0.3573,A,A,1,0.0,0.2504,0.6209,1.0292,3.0785,4.9625,0.4665,England,England,1.0,0.2176,0.6282
2026-07-19,ko,Spain,Argentina,1-0 aet,0-0,0.9865,0.9337,0.3385,0.3512,0.3104,D,D,1,,0.1054,0.6319,1.0465,0.3153,1.2449,0.5181,Spain,Spain,1.0,0.2323,0.6576
