grp,match,result,note
A,Mexico v South Africa,Mexico 2-0 South Africa,pred (W/D/L 69%/22%/8%)
A,South Korea v Czech Republic,South Korea 1-1 Czech Republic,pred (W/D/L 41%/31%/28%)
A,Mexico v South Korea,Mexico 1-1 South Korea,pred (W/D/L 51%/29%/20%)
A,South Africa v Czech Republic,South Africa 1-1 Czech Republic,pred (W/D/L 22%/31%/47%)
A,Mexico v Czech Republic,Mexico 1-1 Czech Republic,pred (W/D/L 60%/25%/15%)
A,South Africa v South Korea,South Africa 0-1 South Korea,pred (W/D/L 17%/30%/53%)
B,Canada v Bosnia and Herzegovina,Canada 2-0 Bosnia and Herzegovina,pred (W/D/L 69%/22%/9%)
B,Qatar v Switzerland,Qatar 0-3 Switzerland,pred (W/D/L 3%/9%/88%)
B,Canada v Qatar,Canada 3-0 Qatar,pred (W/D/L 88%/9%/2%)
B,Bosnia and Herzegovina v Switzerland,Bosnia and Herzegovina 0-2 Switzerland,pred (W/D/L 10%/22%/68%)
B,Canada v Switzerland,Canada 1-1 Switzerland,pred (W/D/L 36%/31%/33%)
B,Bosnia and Herzegovina v Qatar,Bosnia and Herzegovina 1-1 Qatar,pred (W/D/L 55%/28%/17%)
C,Brazil v Morocco,Brazil 0-0 Morocco,pred (W/D/L 30%/36%/34%)
C,Haiti v Scotland,Haiti 1-1 Scotland,pred (W/D/L 18%/26%/56%)
C,Brazil v Haiti,Brazil 2-0 Haiti,pred (W/D/L 78%/15%/6%)
C,Morocco v Scotland,Morocco 1-0 Scotland,pred (W/D/L 53%/32%/16%)
C,Brazil v Scotland,Brazil 1-1 Scotland,pred (W/D/L 57%/26%/17%)
C,Morocco v Haiti,Morocco 2-0 Haiti,pred (W/D/L 72%/21%/7%)
D,United States v Paraguay,United States 1-1 Paraguay,pred (W/D/L 29%/31%/41%)
D,Australia v Turkey,Australia 1-1 Turkey,pred (W/D/L 29%/32%/40%)
D,United States v Australia,United States 1-1 Australia,pred (W/D/L 30%/30%/40%)
D,Paraguay v Turkey,Paraguay 1-1 Turkey,pred (W/D/L 29%/33%/38%)
D,United States v Turkey,United States 1-1 Turkey,pred (W/D/L 25%/25%/49%)
D,Paraguay v Australia,Paraguay 0-0 Australia,pred (W/D/L 33%/37%/31%)
E,Germany v Curaçao,Germany 2-0 Curaçao,pred (W/D/L 82%/13%/5%)
E,Ivory Coast v Ecuador,Ivory Coast 0-0 Ecuador,pred (W/D/L 18%/38%/44%)
E,Germany v Ivory Coast,Germany 1-1 Ivory Coast,pred (W/D/L 48%/30%/22%)
E,Curaçao v Ecuador,Curaçao 0-2 Ecuador,pred (W/D/L 5%/20%/74%)
E,Germany v Ecuador,Germany 1-1 Ecuador,pred (W/D/L 29%/34%/37%)
E,Curaçao v Ivory Coast,Curaçao 0-1 Ivory Coast,pred (W/D/L 12%/26%/62%)
F,Netherlands v Japan,Netherlands 1-1 Japan,pred (W/D/L 27%/31%/42%)
F,Sweden v Tunisia,Sweden 1-1 Tunisia,pred (W/D/L 38%/33%/30%)
F,Netherlands v Sweden,Netherlands 1-1 Sweden,pred (W/D/L 62%/23%/16%)
F,Japan v Tunisia,Japan 1-0 Tunisia,pred (W/D/L 64%/26%/10%)
F,Netherlands v Tunisia,Netherlands 1-0 Tunisia,pred (W/D/L 59%/28%/13%)
F,Japan v Sweden,Japan 2-0 Sweden,pred (W/D/L 68%/21%/11%)
G,Belgium v Egypt,Belgium 0-0 Egypt,pred (W/D/L 44%/34%/23%)
G,Iran v New Zealand,Iran 1-1 New Zealand,pred (W/D/L 48%/31%/21%)
G,Belgium v Iran,Belgium 1-1 Iran,pred (W/D/L 42%/31%/27%)
G,Egypt v New Zealand,Egypt 0-0 New Zealand,pred (W/D/L 41%/35%/24%)
G,Belgium v New Zealand,Belgium 1-1 New Zealand,pred (W/D/L 58%/26%/16%)
G,Egypt v Iran,Egypt 0-0 Iran,pred (W/D/L 28%/37%/35%)
H,Spain v Cape Verde,Spain 2-0 Cape Verde,pred (W/D/L 88%/10%/2%)
H,Saudi Arabia v Uruguay,Saudi Arabia 0-1 Uruguay,pred (W/D/L 11%/31%/58%)
H,Spain v Saudi Arabia,Spain 2-0 Saudi Arabia,pred (W/D/L 85%/12%/3%)
H,Cape Verde v Uruguay,Cape Verde 0-1 Uruguay,pred (W/D/L 10%/28%/61%)
H,Spain v Uruguay,Spain 1-0 Uruguay,pred (W/D/L 58%/29%/13%)
H,Cape Verde v Saudi Arabia,Cape Verde 0-0 Saudi Arabia,pred (W/D/L 30%/36%/34%)
I,France v Senegal,France 1-1 Senegal,pred (W/D/L 47%/32%/21%)
I,Iraq v Norway,Iraq 0-2 Norway,pred (W/D/L 8%/22%/69%)
I,France v Iraq,France 1-0 Iraq,pred (W/D/L 67%/24%/8%)
I,Senegal v Norway,Senegal 1-1 Norway,pred (W/D/L 22%/30%/48%)
I,France v Norway,France 1-1 Norway,pred (W/D/L 35%/31%/34%)
I,Senegal v Iraq,Senegal 1-0 Iraq,pred (W/D/L 52%/33%/15%)
J,Argentina v Algeria,Argentina 1-0 Algeria,pred (W/D/L 59%/29%/13%)
J,Austria v Jordan,Austria 1-1 Jordan,pred (W/D/L 52%/28%/20%)
J,Argentina v Austria,Argentina 1-0 Austria,pred (W/D/L 58%/29%/13%)
J,Algeria v Jordan,Algeria 1-1 Jordan,pred (W/D/L 53%/28%/20%)
J,Argentina v Jordan,Argentina 2-0 Jordan,pred (W/D/L 76%/18%/6%)
J,Algeria v Austria,Algeria 1-1 Austria,pred (W/D/L 34%/33%/34%)
K,Portugal v DR Congo,Portugal 1-0 DR Congo,pred (W/D/L 51%/32%/16%)
K,Uzbekistan v Colombia,Uzbekistan 0-1 Colombia,pred (W/D/L 14%/29%/57%)
K,Portugal v Uzbekistan,Portugal 1-0 Uzbekistan,pred (W/D/L 54%/30%/16%)
K,DR Congo v Colombia,DR Congo 0-1 Colombia,pred (W/D/L 14%/31%/54%)
K,Portugal v Colombia,Portugal 1-1 Colombia,pred (W/D/L 31%/31%/38%)
K,DR Congo v Uzbekistan,DR Congo 0-0 Uzbekistan,pred (W/D/L 30%/41%/29%)
L,England v Croatia,England 1-0 Croatia,pred (W/D/L 51%/32%/18%)
L,Ghana v Panama,Ghana 1-1 Panama,pred (W/D/L 22%/30%/48%)
L,England v Ghana,England 2-0 Ghana,pred (W/D/L 77%/18%/5%)
L,Croatia v Panama,Croatia 1-1 Panama,pred (W/D/L 51%/29%/20%)
L,England v Panama,England 2-0 Panama,pred (W/D/L 69%/22%/9%)
L,Croatia v Ghana,Croatia 1-0 Ghana,pred (W/D/L 63%/26%/12%)
